{"cameraMode":{"drawMode":0,"name":"Shaded","section":"Shading Mode"},"sceneLighting":true,"audioPlay":false,"sceneViewState":{"showFog":true,"showMaterialUpdate":false,"showSkybox":true,"showFlares":true,"showImageEffects":true,"showParticleSystems":true},"in2DMode":false,"pivot":{"x":154.16062927246095,"y":-36.08787155151367,"z":199.07261657714845},"rotation":{"x":0.07627635449171066,"y":0.34302833676338198,"z":-0.027961593121290208,"w":0.9358053803443909},"size":299.62493896484377,"orthographic":false}